V0,V1,V2,V3
0,1,13,12
1,2,14,13
2,3,15,14
3,4,16,15
4,5,17,16
5,6,18,17
6,7,19,18
7,8,20,19
8,9,21,20
9,10,22,21
10,11,23,22
12,13,25,24
13,14,26,25
14,15,27,26
15,16,28,27
16,17,29,28
17,18,30,29
18,19,31,30
19,20,32,31
20,21,33,32
21,22,34,33
22,23,35,34
24,25,37,36
25,26,38,37
26,27,39,38
27,28,40,39
28,29,41,40
29,30,42,41
30,31,43,42
31,32,44,43
32,33,45,44
33,34,46,45
34,35,47,46
36,37,49,48
37,38,50,49
38,39,51,50
39,40,52,51
40,41,53,52
41,42,54,53
42,43,55,54
43,44,56,55
44,45,57,56
45,46,58,57
46,47,59,58
48,49,61,60
49,50,62,61
50,51,63,62
51,52,64,63
52,53,65,64
53,54,66,65
54,55,67,66
55,56,68,67
56,57,69,68
57,58,70,69
58,59,71,70
60,61,73,72
61,62,74,73
62,63,75,74
63,64,76,75
64,65,77,76
65,66,78,77
66,67,79,78
67,68,80,79
68,69,81,80
69,70,82,81
70,71,83,82
72,73,85,84
73,74,86,85
74,75,87,86
75,76,88,87
76,77,89,88
77,78,90,89
78,79,91,90
79,80,92,91
80,81,93,92
81,82,94,93
82,83,95,94
84,85,97,96
85,86,98,97
86,87,99,98
87,88,100,99
88,89,101,100
89,90,102,101
90,91,103,102
91,92,104,103
92,93,105,104
93,94,106,105
94,95,107,106
96,97,109,108
97,98,110,109
98,99,111,110
99,100,112,111
100,101,113,112
101,102,114,113
102,103,115,114
103,104,116,115
104,105,117,116
105,106,118,117
106,107,119,118
108,109,121,120
109,110,122,121
110,111,123,122
111,112,124,123
112,113,125,124
113,114,126,125
114,115,127,126
115,116,128,127
116,117,129,128
117,118,130,129
118,119,131,130
120,121,133,132
121,122,134,133
122,123,135,134
123,124,136,135
124,125,137,136
125,126,138,137
126,127,139,138
127,128,140,139
128,129,141,140
129,130,142,141
130,131,143,142
